skittlesepanda,c1ff3350-d351-3f3c-889e-23074a3f8d9d
n0kb_,1f2dc270-27b4-3c99-8396-15373b25e9c7
irtumu258,0f56423f-5f12-3494-a830-2b4765fc1f0f
hgsyeli,18fc4390-0511-3954-9ce7-228bc76c3090
vvvxinsho,5b65aa48-0f5a-399e-8e3e-9fbdc9fe607a
nanami_chiaki,a610f8ff-e587-3108-af72-5fbac7156464
xuanerrrr,1577518f-01ed-3871-8114-cb172999387b
why_batgod,33b02f77-94f9-3465-9704-60c87f207322
nathan_,2cdde928-6b71-388e-9eb7-251dc1727274
astraycat,e21e691b-1851-3689-bcec-f688b7c9cb70
kch,123f4d0f-1798-30d1-a229-11f03d199ca6
ericzero4865,7a124fac-05f7-39d0-b9d7-9684a961e54a
qaqa,2c15fb1c-3911-3bac-a3ce-d4be1a69d5b8
yhz_01,b9ae957c-537a-3c5e-aa50-0c3e94911cc7
ericzero_,790455f9-c7fd-39c8-acc6-fb3adbe0a7a8
aruan,194599a6-af67-383e-9f56-d3f765a4da9b
chengbei8,7f28d021-78b6-31c7-86e0-8ed61081a4a1
kaka,e7232a53-0843-33f9-9ed0-9eb48c7abc39
hu_li,1ee7411f-2755-3a2c-aa76-8893f82f1fc1
fired,9f21facc-1c15-30e6-a4d3-9839a86c62af
jojojo,3560417f-504b-350c-948a-6ebe346c75d2
zzjdjj,97690baa-3806-30ed-94a9-ffe20c84591b
akpose,48ea2d8f-9e5e-3692-bb3a-7efee4257e87
makkuhammetop,52e2f709-8d87-3f72-8fc3-1de1c4cb1043
mesloverto,b9729760-97c2-31ad-8dc0-22d0fc31d12d
qingshou,0f8f65d5-d2e2-346f-92f0-0fd8886c47da
stela231,9a45138f-69e9-314d-a672-a2791b81b093
tnt_lwb,fe7cf64b-2a0d-3060-98df-a3d37a1bfaa1
a6643868,bea4e22d-2f75-359d-9a2d-d2d99ff75686
xueji_m,66bc6a58-32be-386b-a60c-1b6c1b55b3a9
iioopp,30375592-a420-3fff-b6bd-8bb21fd4ac49
wtf,34a97421-672f-3c90-ae35-1332627857d2
tey,7c33ec46-dce5-390a-bf98-b3ebade6619a
zuixiaotangxian,6e0c8d4f-95ee-30a1-9082-6c9686841bf2
guyfawkes1,d2b7bd87-a642-3a76-ae84-f1da58e373c7
jiu_yan_ceshi,0a8b129c-f02b-3d6c-b525-e9172fedd376
flander,1a56074a-4bc0-34ee-8f03-74d43c50f27c
sdbsjfhvb,0d13fb94-a90f-3fcb-b759-87d6e52d1af1
bamboo,0011c335-bfd2-3527-9c03-fd746d9c7397
azath,7de3ca07-1328-3eac-8d5a-f79397bbd9d8
ziqindadie,aa4b83f5-855c-32b7-842b-97ee5fdac277
laobaxingren,0081b26a-fb3e-3a8e-94a2-a35dc5174629
eternitylapvp,f523eba9-d00d-3433-b270-13f5468551a8
tukimwenyao,a95a945c-af74-3155-adc6-8a7b6e927293
eee111,676fc7a2-f1dd-3c07-83a7-27aa5559f523
kiririo,1bd10503-5243-3914-94f8-e01cb95ae9b6
z_ran,7c57de60-ab7c-34e3-8d2e-f2e30cc89939
threadywind9771,d08d4068-ce2a-38bc-b635-034b6faeb1fb
takupaz,ca39fef2-936d-35dd-a61f-42a0985c52fa
aubola4,839ecbd7-760f-39ca-a198-479e5580e5f6
qishou2007,45694f5f-e93a-3d79-ae75-5e634fe4ba05
f_xh,2cbd024d-58dd-3120-beed-4a509bd4fb63
harry,53b8d6f7-d4ee-3e69-868e-df126c26fa6d
ariluv,8c1bccbe-70b7-31ca-9e6f-8f8eb3b6baa5
bigidiot,a9ebd929-0d6e-3906-847e-483580b905a6
ghxsss,bbe637a2-b768-392e-adc0-825f92ef0f21
deltalm,38ab464d-4005-3775-b18b-b800a9026604
yueye,b462891b-aad7-3b52-9f5e-7d2bf3625a4e
famapu,b0a99c9a-cf88-3215-aa20-a9b487b4a65a
yaitm,37eb83d5-c438-3fa9-bad2-0397d66aeb9a
cen,30991223-05aa-3475-914d-d494bce861f9
capricap,006daba5-2fcc-3426-b0f6-61a754b73c34
lorryzrc,e96bcc94-0515-3bf0-9853-1b5840fefe4c
mcxiaoa,d0aa84af-7d71-3209-aa24-01f5382b35a6
sb,ea07e410-3cb9-313f-9ba5-86529ce92772
si_shen_wu,65984b36-cb16-33df-a433-f952850a0339
snowsod,d42e1aae-558a-3681-9af9-c043df573531
sqdr_victory,3719b663-2bf5-39c8-936f-681f22eb0401
mint,5a025014-2bd6-350c-8562-8ccd02d30e68
mio,6d3abbfd-c167-39fd-b544-0fbc1d53a860
hgsggsb,b35677b4-24bd-31a0-8c80-32b5dc0e0c94
michaelwzy,717388e5-6ddb-3324-9fd5-e89a2831c3f3
fxyl,a2e8cef0-d569-3dc6-84b3-01741e704827
xue_ji1,0120e1f7-9bf2-393e-bb2a-932a24fe1147
arg,9d3174d2-8729-373b-839f-b29b087f9d5e
renaabedrock,ee4ab570-1e2b-3ab1-b2fd-e8aaf01705b9
asfasfasef,80b1d599-09c3-34c4-ac27-f2cff5d0600b
broken,6b4a7f53-b340-3535-9f19-961793395cfe
161733037,91ae8c82-35a1-3592-8773-2b81a75eb759
lastbreath,fca93940-dc41-3ea0-b4c2-3cad3851fa90
pgz,74c7521f-7d81-381b-ae61-a7c93380dffa
xiamomoent,c78fdb43-936e-3b24-bb58-f01680b129e2
abc,3d5cec06-bd15-31fa-982f-5dac8c06f1c7
qingyu,11ee6e8e-2094-331b-b79b-323e55db02ac
xuejim,142797bc-4b08-3e66-88af-5d252272cac3
be_renaa,6d68fe69-9aef-37e3-80fe-771a398790e5
nightsky_083pwq,1376f445-a66c-3430-99b3-4f293767a7bc
_lovegod_,d9c5f6f5-6458-3750-bd67-d177339a22b7
yedog,c1d1ab06-d59b-35d6-b5d9-9c6335184b19
grumm5314,e0201407-4191-3c7b-bcce-e5bc8a272ed4
pudding,6a12734a-5e83-3c37-acfc-094602ecc78e
milk_awa,1bf766e6-d1cf-3319-b0bd-fef28da34fa7
hinsa,acc229ad-0bdd-30b8-9af6-f3bd550aac0d
hm_xiaoshen,27d3515c-19aa-3d91-8ef4-528fec368fc3
player6927,a5bc9fad-8cdb-3756-a097-730b6454d72f
sophei,6d62e207-1492-32e4-a2f6-bd8008c2a50c
meiliodas,2690f0e2-6804-329e-b4bb-92e4a6343ee5
moranmo,c76c67de-71ec-3500-b55c-19f489274689
xueji_m1,46aaf158-89fe-3cca-b214-f411a7d2dc2b
_b_renaalr,00000000-0000-0000-0009-01fa912c005b
konger_r,ac7d13b0-f473-3ef9-82c5-17a28936713e
yang_xbl,5ce591d4-27e7-3a3b-82f8-f7f8c8b26503
z4yn1152,c1f01e25-0370-34e9-ab69-dca78b9fb939
mc_jiao_long,3c11403a-3a1a-386b-b72f-9b8826cb913e
azazaz,7ea6c36a-e991-38da-8efb-c9931941b570
milk_man_syao_,b40cd3cd-0383-3aed-94ca-2a589897627e
yoik,2fe7e23a-720c-3472-8ef1-3c63c7010f3c
die,b87359cc-52d3-3c36-b0fe-a0ae97884ced
hanfeng,cc143644-b4bc-3176-bb96-296b86c2d387
kckc,6116de62-c8dd-3beb-96bd-7cdf15053bae
qing_ke233,9c879f29-3c36-3305-ac46-93d3c30b76ee
zijiedada,1d27fb4a-5e1d-3b7a-9930-4d6cb861215c
huayuan_maka,491ba528-afe4-3046-9729-6e9b287048e6
dio,12fdeb32-098e-3339-a6a3-238a31b88145
tntlwb,62f9f230-f520-3fda-9dca-bb6d3f64d413
jsnb,6b045745-4035-3b9c-8d69-ba12d52d14ce
timepassby,46b1e56d-de1b-3fda-a466-41baff2bc8b7
renaa,abba84a1-b36a-3187-aa94-0fc726d45098
kcko,be2ebced-b1f3-34b0-a412-22ccc018ea60
aboag,d472138f-fa95-3acf-b11e-3a51ca3eb256
hhhhx,659d365e-f083-33d9-b80b-4922d83d326e
xian_iijia,b1c901a1-6f45-3159-bd2d-13e40150aba2
xio_ym,c590dffb-6e98-3bfd-a5b2-debcc340063d
k_k,03fb26f4-2af1-38c8-9807-b5c1d8928e82
assassin_i,f98606c0-6eaf-3822-a72e-26683560d349
u1badawa,87f46fb8-3403-39b6-8e3e-a0756ad565fa
826566588,61135e5c-25e0-3a37-8769-e84b64e5ab26
ye_zi,65d15364-216d-333d-8d08-89a843ee9cec
_b_shutraccoon64,00000000-0000-0000-0009-01feda94ec8e
jjku,e194ae1f-37b8-3443-b5e4-6fccaf205e9b
999999999,58a53d0f-fc2d-340d-89b2-39b9df3c6396
cpi,5f6ff5a5-0c6f-35c4-a0e2-88782624a7e9
jsjkqkj,f106cbac-db8f-337b-9bab-58aa1c042260
shabifuwuqi,feedfb32-de3c-32b4-b4f5-86ed635291f6
falliblepurse91,a76390d0-e72c-32b1-b63c-999a33e512d9
mksmjj,d9e3d741-eac2-346c-a1fe-1548f451cf54
jiu_yan,d02a3297-0cc0-38e1-ad88-df5978c13f35
sans,983c83d1-16a2-37c4-bfed-829c07ca6ade
wxl,23e11c3c-2242-35a2-adc6-e03fb20e9b28
en200,711452de-b110-3801-90a9-68266eeda9fe
ghostprl,5d99c32d-e0c4-3c36-beb2-ce47accd7c45
axin,e0448c59-7006-3d81-8a87-8cd172daa8ea
kaiser,161945f5-fa2a-3438-868d-db9c9dbd8be2
dream,b04851e5-a7f0-3e14-a856-2eff1e77a3c7
xinyu,47a96a26-cef8-3222-b39f-a13ca0304d0f
yoshino444,8e157b0c-362d-3c35-af1e-80315ae23b0d
a_nin,166567b2-3ff6-3a7e-bfd2-95dec5d41f94
wanlin,b7286662-552e-3fbc-87eb-1f57b0a7e89e
11155,38ac3457-82bf-394c-89b4-04b47329e00a
xxtid3awuxx,115d7118-f2c1-316f-b34e-234602cab414
chengbei,b675f384-b70f-34a0-85c5-2d1c57ee0c05
favorite_melod,408ce126-364a-3b1a-b3b8-74841974378d
ungluedchart667,2442c7cd-6b2f-31f3-a6fe-1c7c92e46307
dfsohojoasd,e0839bf5-0c01-3de7-bcdb-4e243451196d
gjr001027,3e99496e-ce22-379c-b947-8d3da7a3f84f
hunnan999,df33ba2f-2a38-3b0e-b618-fe2874ad47b7
6570,c5434a91-71b0-37be-ba92-1db5fc7a0736
adsaidaw,5c13ed1f-6c8c-3a66-992e-09bdc23d2a46
nepee,3acdaebb-9541-3c30-b34e-57b6d161fc29
coldwhite_,f679541e-454c-3bcc-8ced-86e42c5651b2
qingcheng,1d576873-9851-3c8b-ae1f-6287b92df7a4
ghxkevin,0cb6b06b-0f7c-3726-b747-82bf892dd22a
kauuy,808d67aa-2a0f-384e-8149-02d5d97a01e2
lemon,0c3746f5-0fa1-3020-aa03-89cf8ce2df10
xxeviemuxx,fc293b9c-bb8b-3206-a651-b1f7affa3807
yun_yi_awa,817e3619-7441-368a-817a-ece947ca76af
fhtydge,44404432-4b72-31d5-9667-a0b7247312a2
bite,2bc72db6-476b-3bf2-acfe-af794bdaa800
renaa_fd,dfdbceb5-8be1-33aa-9fb1-eb94be69b3ae
yeoc,6acf137e-f6ac-35b7-89b6-e5708215f337
xingqi_starflag,49725157-ee53-3de2-aa2e-967d9efb0a04
yoshino,02c63a62-402b-3856-ab47-54d72aa16e92
ka1ser,af89b758-b8e0-3bca-8ba1-af268279c9b5
toumi,9a9d4025-ab84-3f1d-b974-44ea073a9e6f
wx,2d92e992-48d7-3181-925a-66ce7f6711b5
midnight,59b9795e-7ef3-3c65-b94f-50539b57b5e3
yingsui,af27d819-ff72-348e-ad73-f277798eae9c
lichenmc,1470a7d0-40c2-3d33-8ab1-489a23b6bfdf
rayhwmc,ed6f1905-b864-3cdf-a537-3806c8ba7915
awa,dc019b7b-6969-3053-854d-257e443b1b72
rick,a6de1865-db4a-3a4a-a51d-540c5d982b0e
mc_shenyuan,1559a090-c335-33c6-b53a-d3cddb9a1dc5
hm3340,c8b5a6d6-9c2a-39d5-8e18-2de058d7f1a8
tronand,b364ebaf-1b29-3e78-b007-0ada799ccd5b
supercute_lx,060ae82a-457e-3c6b-b521-4038c536aa2e
da_lao_wu,46bb40ea-f16b-34d7-8767-548a632f1f6a
adsawdaw,a9893931-7f9c-312f-8e61-a1697e3a8415
nostalgiay,3bb4fb30-55fe-3696-96d9-bfeec2b5620f
lemingsar,f459af51-805a-3376-b9e7-ac7518ece2f0
midwaywriter813,c77402dd-886f-3199-90bb-158850ae0ba1
